{
  "urls": [
    "ch12.m4a",
    "ch12.mp3",
    "ch12.ogg"
  ],
  "sprite": {
    "Boo2": [
      0,
      2833.3333333333335
    ],
    "Minus2": [
      4000,
      999.6371882086166
    ],
    "Plus2": [
      6000,
      1000.8390022675737
    ]
  }
}