{
  "urls": [
    "ch9.m4a",
    "ch9.mp3",
    "ch9.ogg"
  ],
  "sprite": {
    "SparkSwoosh": [
      0,
      1743.7414965986395
    ],
    "Spirit1": [
      3000,
      1400.0000000000005
    ],
    "Zombie": [
      6000,
      2240
    ]
  }
}