{
  "urls": [
    "ch4.m4a",
    "ch4.mp3",
    "ch4.ogg"
  ],
  "sprite": {
    "Bats": [
      0,
      3204.467120181406
    ],
    "BonusEndPlaque": [
      5000,
      6523.673469387756
    ],
    "BonusIcon1": [
      13000,
      1800.0000000000007
    ],
    "Click": [
      16000,
      952.766439909297
    ],
    "Lose": [
      18000,
      5735.918367346941
    ],
    "Minus1": [
      25000,
      999.6371882086166
    ],
    "SpiritMeterGrow1": [
      27000,
      1706.666666666667
    ]
  }
}