{
  "urls": [
    "ch0.m4a",
    "ch0.mp3",
    "ch0.ogg"
  ],
  "sprite": {
    "Buy": [
      0,
      3772.698412698413
    ],
    "MaxBet": [
      5000,
      3604.172335600907
    ]
  }
}