{
  "urls": [
    "ch1.m4a",
    "ch1.mp3",
    "ch1.ogg"
  ],
  "sprite": {
    "BonusLoop": [
      0,
      28872.1768707483
    ],
    "Yeah2": [
      30000,
      2083.3333333333358
    ]
  }
}