{
  "urls": [
    "ch10.m4a",
    "ch10.mp3",
    "ch10.ogg"
  ],
  "sprite": {
    "CandleIgnite": [
      0,
      1500
    ],
    "Spirit2": [
      3000,
      1479.591836734694
    ],
    "SpiritMeterWin": [
      6000,
      2995.9410430838993
    ]
  }
}