{
  "urls": [
    "ch2.m4a",
    "ch2.mp3",
    "ch2.ogg"
  ],
  "sprite": {
    "BonusTransition": [
      0,
      6083.310657596372
    ],
    "GravestonePick1": [
      8000,
      821.3151927437643
    ],
    "OrganMultiplier": [
      10000,
      2488.004535147393
    ],
    "SpiritMeterGrow3": [
      14000,
      1481.3378684807255
    ],
    "Win": [
      17000,
      6037.7097505668935
    ]
  }
}