{
  "urls": [
    "ch5.m4a",
    "ch5.mp3",
    "ch5.ogg"
  ],
  "sprite": {
    "Plus1": [
      0,
      1000.8390022675737
    ],
    "Scream1": [
      3000,
      3701.473922902494
    ],
    "Scream2": [
      8000,
      4000
    ],
    "Scream3": [
      13000,
      3000
    ],
    "Spirit5": [
      17000,
      1995.8503401360551
    ]
  }
}