{
  "urls": [
    "ch7.m4a",
    "ch7.mp3",
    "ch7.ogg"
  ],
  "sprite": {
    "Boo1": [
      0,
      2203.265306122449
    ],
    "CoffinShake": [
      4000,
      1137.7551020408162
    ],
    "NumberSwoosh": [
      7000,
      1699.9999999999993
    ],
    "Spirit3": [
      10000,
      1988.253968253968
    ]
  }
}