{
  "urls": [
    "ch8.m4a",
    "ch8.mp3",
    "ch8.ogg"
  ],
  "sprite": {
    "SkeletonShakeLoop": [
      0,
      3052.4943310657595
    ],
    "Yeah1": [
      5000,
      2357.3015873015875
    ]
  }
}