{
  "urls": [
    "ch13.m4a",
    "ch13.mp3",
    "ch13.ogg"
  ],
  "sprite": {
    "Boo3": [
      0,
      3160
    ],
    "Minus3": [
      5000,
      999.6371882086166
    ],
    "Plus3": [
      7000,
      1000.8390022675737
    ]
  }
}