{
  "urls": [
    "ch14.m4a",
    "ch14.mp3",
    "ch14.ogg"
  ],
  "sprite": {
    "Collect": [
      0,
      3725.8049886621316
    ],
    "GravestonePick3": [
      5000,
      1129.7959183673472
    ]
  }
}