{
  "urls": [
    "ch3.m4a",
    "ch3.mp3",
    "ch3.ogg"
  ],
  "sprite": {
    "Lightning": [
      0,
      2343.7414965986395
    ],
    "OrganWin1": [
      4000,
      2502.2448979591836
    ],
    "OrganWin2": [
      8000,
      2492.0181405895682
    ],
    "OrganWin3": [
      12000,
      2498.2086167800458
    ],
    "SpiritMeterGrow2": [
      16000,
      1542.8117913832189
    ],
    "TransitionToBase": [
      19000,
      4149.3877551020405
    ],
    "Yeah3": [
      25000,
      1666.6666666666679
    ]
  }
}