{
  "urls": [
    "ch6.m4a",
    "ch6.mp3",
    "ch6.ogg"
  ],
  "sprite": {
    "InstantWin": [
      0,
      2000
    ],
    "KeyPress1": [
      3000,
      2816.0544217687075
    ],
    "KeyPress2": [
      7000,
      2732.1088435374145
    ],
    "KeyPress3": [
      11000,
      2737.8458049886626
    ],
    "KeyPress4": [
      15000,
      2857.48299319728
    ],
    "KeyPress5": [
      19000,
      2886.462585034014
    ],
    "KeyPress6": [
      23000,
      2645.827664399093
    ],
    "Lid": [
      27000,
      2712.675736961451
    ],
    "Skeleton": [
      31000,
      1865.1247165532893
    ],
    "Spirit4": [
      34000,
      1925.011337868483
    ],
    "WheelEnd": [
      37000,
      1645.8503401360574
    ],
    "WheelLoop": [
      40000,
      2837.324263038546
    ],
    "WheelStart": [
      44000,
      1318.5034013605446
    ]
  }
}